Algoritmo,Porcentaje Inicial,Accuracy,Precision,Recall,F1-score,Evaluaciones Realizadas,Porcentaje Final,Porcentaje Drawings,Porcentaje Engraving,Porcentaje Iconography,Porcentaje Painting,Porcentaje Sculpture,Duracion
MA,0.25,0.9189399999999999,0.91626,0.9189399999999999,0.9167400000000001,100.0,0.25,0.14364,0.10084,0.26962,0.25792000000000004,0.22798,0 days 03:19:09.600000
MA,0.5,0.92734,0.92612,0.92734,0.9262600000000001,100.0,0.5,0.14776,0.09886,0.26674,0.26336,0.22324000000000002,0 days 06:26:18.200000
