Algoritmo,Porcentaje Inicial,Accuracy,Precision,Recall,F1-score,Evaluaciones Realizadas,Porcentaje Final,Porcentaje Drawings,Porcentaje Engraving,Porcentaje Iconography,Porcentaje Painting,Porcentaje Sculpture,Duracion
MEM-F,0.25,0.9224399999999999,0.92056,0.9224399999999999,0.9209400000000001,100.0,0.41352,0.14386000000000002,0.09963999999999999,0.26666,0.26478,0.22504,0 days 03:44:48.400000
MEM-F,0.5,0.9310600000000001,0.9300200000000001,0.9310600000000001,0.9301400000000001,100.0,0.68692,0.14318,0.0979,0.26786,0.26552,0.22555999999999998,0 days 06:43:54.600000
