Algoritmo,Porcentaje Inicial,Duracion,Accuracy,Precision,Recall,F1-score,Evaluaciones Realizadas,Porcentaje Final
-,1.0,0:09:16,0.9287383177570093,0.9273812928718937,0.9287383177570093,0.9278351995583829,1,0.90018654
