Algoritmo,Porcentaje Inicial,Duracion,Accuracy,Precision,Recall,F1-score,Evaluaciones Realizadas,Porcentaje Final
-,1.0,0:08:20,0.9228971962616822,0.9206370982003409,0.9228971962616822,0.9211927128034872,1,0.90018654
