Algoritmo,Porcentaje Inicial,Duracion,Accuracy,Precision,Recall,F1-score,Evaluaciones Realizadas,Porcentaje Final
-,1.0,0:08:53,0.9123831775700935,0.9101347582370747,0.9123831775700935,0.9090480445536679,1,0.90018654
