Algoritmo,Porcentaje Inicial,Accuracy,Precision,Recall,F1-score,Evaluaciones Realizadas,Porcentaje Final,Porcentaje Paper,Porcentaje Rock,Porcentaje Scissors,Duracion
-,1.0,0.78602,0.81554,0.78602,0.7768200000000001,1.0,1.0,0.3333,0.3333,0.3333,0 days 00:03:15.600000
genetico2_2,0.1,0.8365600000000001,0.8423999999999999,0.8365600000000001,0.83094,100.0,0.1,0.35636,0.30872,0.33492,0 days 00:27:39.200000
genetico2_2,0.25,0.8241999999999999,0.8368399999999999,0.8241999999999999,0.81784,100.0,0.25,0.33331999999999995,0.3254,0.34128,0 days 00:57:28.800000
genetico2_2,0.5,0.81128,0.82616,0.81128,0.80414,100.0,0.5,0.33936,0.3276,0.33304,0 days 01:47:31.200000
genetico2_2,0.75,0.8242,0.83938,0.8242,0.8184799999999999,100.0,0.75,0.3367,0.3311,0.3322,0 days 02:36:40.800000
genetico3,0.1,0.8193400000000001,0.8307,0.8193400000000001,0.8119,100.0,0.1,0.34521999999999997,0.32144000000000006,0.33334,0 days 00:29:02.200000
genetico3,0.25,0.82636,0.8378,0.82636,0.81964,100.0,0.25,0.3362,0.3327,0.33111999999999997,0 days 01:00:22
genetico3,0.5,0.81236,0.83088,0.81236,0.80586,100.0,0.5,0.33208,0.33204,0.33588,0 days 01:53:12.800000
genetico3,0.75,0.8268800000000001,0.8432999999999999,0.8268800000000001,0.82058,100.0,0.75,0.33521999999999996,0.33438,0.33038,0 days 02:41:24.200000
