Algoritmo,Porcentaje Inicial,Accuracy,Precision,Recall,F1-score,Evaluaciones Realizadas,Porcentaje Final,Porcentaje Paper,Porcentaje Rock,Porcentaje Scissors,Duracion
AM-F,0.1,0.82958,0.8406800000000001,0.82958,0.8212400000000001,100.0,0.14942,0.3605,0.32814,0.31135999999999997,0 days 00:34:32.600000
AM-F,0.25,0.81774,0.8266,0.81774,0.81182,100.0,0.26684,0.35019999999999996,0.31470000000000004,0.3351,0 days 01:07:13.200000
AM-F,0.5,0.83604,0.85218,0.83604,0.83034,100.0,0.46364,0.33818000000000004,0.32974000000000003,0.33205999999999997,0 days 01:51:24.200000
AM-F,0.75,0.82202,0.8394,0.82202,0.81472,100.0,0.72722,0.33940000000000003,0.32932,0.33126,0 days 02:33:25
