Algoritmo,Porcentaje Inicial,Accuracy,Precision,Recall,F1-score,Evaluaciones Realizadas,Porcentaje Final,Porcentaje Paper,Porcentaje Rock,Porcentaje Scissors,Duracion
-,1.0,0.78602,0.81554,0.78602,0.7768200000000001,1.0,1.0,0.3333,0.3333,0.3333,0 days 00:03:15.600000
aleatorio,0.1,0.8134399999999999,0.8246,0.8134399999999999,0.80518,100.0,0.1,0.36432000000000003,0.31982,0.3159,0 days 00:38:16.600000
aleatorio,0.25,0.807,0.81896,0.807,0.79904,100.0,0.25,0.32888,0.32158,0.34952,0 days 01:18:22.400000
aleatorio,0.5,0.80862,0.8265399999999999,0.80862,0.8022,100.0,0.5,0.32922,0.33398,0.33682,0 days 02:26:40
aleatorio,0.75,0.82258,0.84162,0.82258,0.8166800000000001,100.0,0.75,0.33428,0.33322,0.33248,0 days 03:05:48.800000
busqueda local,0.1,0.81236,0.81814,0.81236,0.8061400000000001,100.0,0.1,0.36032000000000003,0.32384,0.31588000000000005,0 days 00:33:36
busqueda local,0.25,0.8247199999999999,0.83952,0.8247199999999999,0.8176399999999999,100.0,0.25,0.34286,0.3216,0.33554,0 days 01:07:56.600000
busqueda local,0.5,0.80756,0.82772,0.80756,0.80094,100.0,0.5,0.327,0.33887999999999996,0.33414,0 days 02:08:16
busqueda local,0.75,0.82366,0.8397,0.82366,0.8167199999999999,100.0,0.75,0.33574,0.33174000000000003,0.33248,0 days 03:06:47.200000
