Algoritmo,Porcentaje Inicial,Accuracy,Precision,Recall,F1-score,Evaluaciones Realizadas,Porcentaje Final,Porcentaje Paper,Porcentaje Rock,Porcentaje Scissors,Duracion
-,1.0,0.78602,0.81554,0.78602,0.7768200000000001,1.0,1.0,0.3333,0.3333,0.3333,0 days 00:03:15.600000
busqueda local,0.1,0.81236,0.81814,0.81236,0.8061400000000001,100.0,0.1,0.36032000000000003,0.32384,0.31588000000000005,0 days 00:33:36
busqueda local,0.25,0.8247199999999999,0.83952,0.8247199999999999,0.8176399999999999,100.0,0.25,0.34286,0.3216,0.33554,0 days 01:07:56.600000
busqueda local,0.5,0.80756,0.82772,0.80756,0.80094,100.0,0.5,0.327,0.33887999999999996,0.33414,0 days 02:08:16
busqueda local,0.75,0.82366,0.8397,0.82366,0.8167199999999999,100.0,0.75,0.33574,0.33174000000000003,0.33248,0 days 03:06:47.200000
genetico,0.1,0.82958,0.8358399999999999,0.82958,0.8249000000000001,100.0,0.1,0.35556,0.31272,0.33171999999999996,0 days 00:33:21
genetico,0.25,0.8156000000000001,0.8340799999999999,0.8156000000000001,0.8076599999999999,100.0,0.25,0.33682,0.32158,0.3416,0 days 01:18:38.600000
genetico,0.5,0.81182,0.8300599999999999,0.81182,0.8055199999999999,100.0,0.5,0.3319,0.33016,0.33794,0 days 02:49:01
genetico,0.75,0.82796,0.84228,0.82796,0.8224,100.0,0.75,0.33852000000000004,0.33228,0.3292,0 days 03:41:17.200000
