Algoritmo,Porcentaje Inicial,Accuracy,Precision,Recall,F1-score,Evaluaciones Realizadas,Porcentaje Final,Porcentaje Paper,Porcentaje Rock,Porcentaje Scissors,Duracion
RS,0.1,0.8134399999999999,0.8246,0.8134399999999999,0.80518,100.0,0.1,0.36432000000000003,0.31982,0.3159,0 days 00:38:16.600000
RS,0.25,0.807,0.81896,0.807,0.79904,100.0,0.25,0.32888,0.32158,0.34952,0 days 01:18:22.400000
RS,0.5,0.80862,0.8265399999999999,0.80862,0.8022,100.0,0.5,0.32922,0.33398,0.33682,0 days 02:26:40
RS,0.75,0.82258,0.84162,0.82258,0.8166800000000001,100.0,0.75,0.33428,0.33322,0.33248,0 days 03:05:48.800000
