Algoritmo,Porcentaje Inicial,Accuracy,Precision,Recall,F1-score,Evaluaciones Realizadas,Porcentaje Final,Porcentaje Paper,Porcentaje Rock,Porcentaje Scissors,Duracion
-,1.0,0.78602,0.81554,0.78602,0.7768200000000001,1.0,1.0,0.3333,0.3333,0.3333,0 days 00:03:15.600000
genetico,0.1,0.82958,0.8358399999999999,0.82958,0.8249000000000001,100.0,0.1,0.35556,0.31272,0.33171999999999996,0 days 00:33:21
genetico,0.25,0.8156000000000001,0.8340799999999999,0.8156000000000001,0.8076599999999999,100.0,0.25,0.33682,0.32158,0.3416,0 days 01:18:38.600000
genetico,0.5,0.81182,0.8300599999999999,0.81182,0.8055199999999999,100.0,0.5,0.3319,0.33016,0.33794,0 days 02:49:01
genetico,0.75,0.82796,0.84228,0.82796,0.8224,100.0,0.75,0.33852000000000004,0.33228,0.3292,0 days 03:41:17.200000
genetico2,0.1,0.8360200000000001,0.8438000000000001,0.8360200000000001,0.8281600000000001,100.0,0.1,0.35714,0.29762,0.34526,0 days 00:34:02.600000
genetico2,0.25,0.82366,0.83864,0.82366,0.8157399999999999,100.0,0.25,0.33208000000000004,0.34252000000000005,0.3254,0 days 01:10:21.400000
genetico2,0.5,0.8161200000000001,0.8377600000000001,0.8161200000000001,0.81064,100.0,0.5,0.3265,0.34128,0.33222,0 days 02:15:43
genetico2,0.75,0.8230999999999999,0.8391400000000001,0.8230999999999999,0.8158999999999998,100.0,0.75,0.3327,0.33324,0.33408,0 days 03:33:06.400000
