Algoritmo,Porcentaje Inicial,Accuracy,Precision,Recall,F1-score,Evaluaciones Realizadas,Porcentaje Final,Porcentaje Paper,Porcentaje Rock,Porcentaje Scissors,Duracion
memetico (libre),0.1,0.8328,0.84702,0.8328,0.8245800000000001,100.0,0.09618,0.35226,0.32446,0.32328,0 days 00:32:39
memetico (libre),0.25,0.8279799999999999,0.83772,0.8279799999999999,0.8217399999999999,100.0,0.27182,0.33530000000000004,0.33572,0.32896000000000003,0 days 01:08:53.600000
memetico (libre),0.5,0.8161200000000001,0.83086,0.8161200000000001,0.80962,100.0,0.67072,0.3391,0.32698,0.33394,0 days 02:16:51
memetico (libre),0.75,0.8268599999999999,0.8417999999999999,0.8268599999999999,0.82104,100.0,0.71158,0.33884,0.33474,0.32643999999999995,0 days 03:08:21.400000
