Algoritmo,Porcentaje Inicial,Duracion,Accuracy,Precision,Recall,F1-score,Evaluaciones Realizadas,Porcentaje Final
-,1.0,0 days 13:17:42,0.922429906542056,0.9205424501417312,0.922429906542056,0.9206126687985042,100.0,0.90018654
aleatorio,0.1,0 days 01:32:28,0.9004672897196262,0.8961947920699493,0.9004672897196262,0.8972636254685076,100.0,0.09001866
busqueda local,0.1,0 days 01:34:18,0.905841121495327,0.9023570017760145,0.905841121495327,0.9026148791369731,100.0,0.09001866
genetico,0.1,0 days 01:32:40.800000,0.9065420560747663,0.9026172852274177,0.9065420560747663,0.9032352369026884,100.0,0.09001866
genetico2,0.1,0 days 01:34:19.600000,0.9065420560747663,0.9036128567523098,0.9065420560747663,0.9034460086141076,100.0,0.09001866
genetico3,0.1,0 days 01:34:33.800000,0.9051401869158878,0.903076029378488,0.9051401869158878,0.9027395748569788,103.6,0.09001866
memetico,0.1,0 days 01:33:30.800000,0.9035046728971963,0.9002337147440042,0.9035046728971963,0.9006548232484803,100.0,0.09001866
