Algoritmo,Porcentaje Inicial,Duracion,Accuracy,Precision,Recall,F1-score,Evaluaciones Realizadas,Porcentaje Final
-,1.0,0 days 00:08:49.200000,0.922429906542056,0.9205424501417312,0.922429906542056,0.9206126687985042,1.0,0.90018654
aleatorio,0.1,0 days 01:38:16,0.9004672897196262,0.8961947920699493,0.9004672897196262,0.8972636254685076,100.0,0.09001866
busqueda local,0.1,0 days 01:37:53.600000,0.905841121495327,0.9023570017760145,0.905841121495327,0.9026148791369731,100.0,0.09001866
genetico,0.1,0 days 01:37:41,0.9037383177570094,0.9000642469737301,0.9037383177570094,0.9010787612636048,100.0,0.09001866
genetico2,0.1,0 days 01:38:55.200000,0.9035046728971963,0.8998542890419744,0.9035046728971963,0.9004963206541792,100.0,0.09001866
genetico3,0.1,0 days 01:37:23.800000,0.902570093457944,0.8986719481243084,0.902570093457944,0.8992165441400808,103.6,0.09001866
memetico,0.1,0 days 01:38:10.800000,0.9016355140186917,0.8976578983887565,0.9016355140186917,0.8981357235466039,100.0,0.09001866
