Algoritmo,Porcentaje Inicial,Duracion,Accuracy,Precision,Recall,F1-score,Evaluaciones Realizadas,Porcentaje Final
aleatorio,0.1,0 days 00:09:29.800000,0.8990654205607477,0.8953195312662853,0.8990654205607477,0.8962056550300119,10.0,0.09001866
genetico,0.1,0 days 00:09:11.600000,0.8990654205607477,0.8953195312662853,0.8990654205607477,0.8962056550300119,10.0,0.09001866
