Algoritmo,Porcentaje Inicial,Duracion,Accuracy,Precision,Recall,F1-score,Evaluaciones Realizadas,Porcentaje Final,Porcentaje Paper,Porcentaje Rock,Porcentaje Scissors
aleatorio,10,0:01:04.656915,0.7526881720430108,0.7961421729027364,0.7526881720430108,0.7297246862474538,1,10.0,0.4047619,0.31349206,0.28174603
busqueda local,10,0:01:05.053901,0.7526881720430108,0.7961421729027364,0.7526881720430108,0.7297246862474538,1,10.0,0.4047619,0.31349206,0.28174603
genetico,10,0:11:29.769529,0.7634408602150538,0.7856113653024596,0.7634408602150538,0.7571743632482204,10,10.0,0.30952382,0.32936507,0.3611111
